<?xml version="1.0" encoding="UTF-8"?>

<configuration scan="true" scanPeriod="60 seconds">
    <property name="ENCODER_PATTERN"
              value="%d{yyyy-MM-dd HH:mm:ss.SSS} [%X{traceRootId}]  [%thread] %-5level %L %logger - %msg%n"/>
    <contextName>niki-elkLog</contextName>

    <property name="LOG_HOME" value="/logs/nikiLog"/>
    <!--设置系统日志目录-->
    <property name="APPDIR" value="logs"/>


    <!-- 控制台日志：输出全部日志到控制台 -->
    <appender name="STDOUT" class="ch.qos.logback.core.ConsoleAppender">
        <encoder class="ch.qos.logback.classic.encoder.PatternLayoutEncoder">
            <Pattern>${ENCODER_PATTERN}</Pattern>
        </encoder>
        <filter class="ch.qos.logback.classic.filter.ThresholdFilter">
            <level>debug</level>
        </filter>
    </appender>

    <appender name="elkLog"   class="ch.qos.logback.core.rolling.RollingFileAppender">
        <append>true</append>
        <!-- elk 打印路径-->
        <file>${LOG_HOME}/niki-filebeat.log</file>
        <encoder class="net.logstash.logback.encoder.LogstashEncoder" >
            <!-- ELK 最新接入方式 -->
            <!--includeCallerData 请求者信息字段 需要开启异步写入，否则比较比较耗性能-->
            <includeCallerData>true</includeCallerData>
            <includeMdcKeyName>traceRootId</includeMdcKeyName>
        </encoder>
        <filter class="ch.qos.logback.classic.filter.ThresholdFilter">
            <level>INFO</level>
        </filter>
        <rollingPolicy class="ch.qos.logback.core.rolling.SizeAndTimeBasedRollingPolicy">
            <fileNamePattern>${LOG_HOME}/niki-filebeat.%d{yyyy-MM-dd-HH}.%i.log.gz</fileNamePattern>
            <maxFileSize>100MB</maxFileSize>
        </rollingPolicy>
    </appender>


    <!--日志采用异步方式，提升服务TPS处理能力-->
    <appender name ="async_elkLog" class= "ch.qos.logback.classic.AsyncAppender">
        <!-- 不丢失日志.默认的,如果队列的80%已满,则会丢弃TRACT、DEBUG、INFO级别的日志 -->
        <discardingThreshold >0</discardingThreshold>
        <!-- 更改默认的队列的深度,该值会影响性能.默认值为256 -->
        <queueSize>512</queueSize>
        <appender-ref ref = "elkLog"/>
    </appender>


    <!-- 数据库日志-->
    <logger name="java.sql" level="DEBUG"/>
    <!--本jar包项目的路径日志-->
    <logger name="com.niki.log" level="INFO"/>

    <root level="INFO">
        <!-- 这个是打印控制台日志 -->
        <appender-ref ref="STDOUT"/>
        <!-- 打印elk日志-->
        <appender-ref ref="async_elkLog" />
    </root>
</configuration>